"forceKn","phiDeg","centroidalDiameterMm","publishedKpa","calculatedKpa","roundedCalculatedKpa","errorToPublishedKpa","sourceLocation","note"
20.5,36,970,3.4,3.38802233856443,3.4,0,"Eq. 5.1 and Table 5.5, printed pp. 177-178/PDF pp. 192-193",""
20.5,28,970,7.2,7.22273518854984,7.2,0,"Eq. 5.1 and Table 5.5, printed pp. 177-178/PDF pp. 192-193",""
5.2,36,970,0.9,0.859400788318782,0.9,0,"Eq. 5.1 and Table 5.5, printed pp. 177-178/PDF pp. 192-193",""
5.2,28,970,1.8,1.83210843807118,1.8,0,"Eq. 5.1 and Table 5.5, printed pp. 177-178/PDF pp. 192-193",""
5.2,36,1575,0.3,0.253763399737675,0.3,0,"Eq. 5.1 and Table 5.5, printed pp. 177-178/PDF pp. 192-193",""
5.2,28,1575,0.5,0.540983988207105,0.5,0,"Eq. 5.1 and Table 5.5, printed pp. 177-178/PDF pp. 192-193",""
4,36,970,0.7,0.661077529475986,0.7,0,"Eq. 5.1 and Table 5.5, printed pp. 177-178/PDF pp. 192-193",""
4,28,970,1.4,1.40931418313168,1.4,0,"Eq. 5.1 and Table 5.5, printed pp. 177-178/PDF pp. 192-193",""
4,36,1575,0.2,0.195202615182827,0.2,0,"Eq. 5.1 and Table 5.5, printed pp. 177-178/PDF pp. 192-193","The apparent printed phi=28 deg does not reproduce 0.2 kPa; phi=36 deg does"
